l_english:
  
### Alemannic ### 
 #First Name Male 
 mr_achilles: "Achilles" #NT!
 mr_adrian: "Adrian" #NT!
 mr_adolph: "Adolph" #NT!
 mr_albrecht: "Albrecht" #NT!
 mr_alfred: "Alfred" #NT!
 mr_alfons: "Alfons" #NT!
 mr_arnold: "Arnold" #NT!
 mr_beat: "Beat" #NT!
 mr_carl_eduard: "Carl Eduard" #NT!
 mr_carl_gustav: "Carl Gustav" #NT!
 mr_christian: "Christian" #NT!
 mr_constantin: "Constantin" #NT!
 mr_david: "David" #NT!
 mr_edmond: "Edmond" #NT!
 mr_emil: "Emil" #NT!
 mr_eugen: "Eugen" #NT!
 mr_eugene: "Eugène" #NT!
 mr_frederic: "Frédéric" #NT!
 mr_fridolin: "Fridolin" #NT!
 mr_gottfried: "Gottfried"
 mr_gotthold: "Gotthold" #NT!
 mr_gottlieb: "Gottlieb" #NT!
 mr_hans_georg: "Hans Georg" #NT!
 mr_heiner: "Heiner" #NT!
 mr_heinrich: "Heinrich" #NT!
 mr_hermann: "Hermann" #NT!
 mr_ignaz: "Ignaz" #NT!
 mr_james: "James" #NT!
 mr_jakob: "Jakob" #NT!
 mr_jaques: "Jaques" #NT!
 mr_jean_jacob: "Jean Jacob" #NT!
 mr_jean_jaques: "Jean-Jaques" #NT!
 mr_jeremias: "Jeremias"
 mr_johann_conrad: "Johann Conrad" #NT!
 mr_johan_jakob: "Johan Jakob" #NT!
 mr_johann_jacob: "Johann Jacob" #NT!
 mr_johann_wilhelm: "Johann Wilhelm" #NT!
 mr_johanna: "Johanna"
 mr_johannes: "Johannes" #NT!
 mr_jonas: "Jonas" #NT!
 mr_jorg: "Jörg" #NT!
 mr_josef: "Josef" #NT!
 mr_jurg: "Jürg" #NT!
 mr_karl: "Karl" #NT!
 mr_ludwig: "Ludwig" #NT!
 mr_karl_ludwig: "Karl Ludwig" #NT!
 mr_kilian: "Kilian" #NT!
 mr_matthias: "Matthias" #NT!
 mr_marcel: "Marcel" #NT!
 mr_martin: "Martin" #NT!
 mr_max: "Max" #NT!
 mr_oscar: "Oscar" #NT!
 mr_oswald: "Oswald" #NT!
 mr_otto: "Otto" #NT!
 mr_peter: "Peter" #NT!
 mr_raphaeel: "Raphaël" #NT!
 mr_richard: "Richard" #NT!
 mr_reto: "Reto" #NT!
 mr_rudolf: "Rudolf" #NT!
 mr_silvio: "Silvio" #NT!
 mr_stefano: "Stefano" #NT!
 mr_theodor: "Theodor"
 mr_thomas: "Thomas" #NT!
 mr_ueli: "Ueli" #NT!
 mr_ulrich: "Ulrich" #NT!
 mr_urs: "Urs" #NT!
 mr_walter: "Walter" #NT!
 mr_werner: "Werner" #NT!
 mr_willy: "Willy" #NT!
 #First Name Female 
 mr_adele: "Adèle" #NT!
 mr_amalia: "Amalia" #NT!
 mr_anais: "Anaïs" #NT!
 mr_angela: "Angela" #NT!
 mr_anita: "Anita" #NT!
 mr_bertha: "Bertha" #NT!
 mr_caterina: "Caterina" #NT!
 mr_celine: "Céline" #NT!
 mr_charlotte: "Charlotte" #NT!
 mr_clara: "Clara" #NT!
 mr_elisabeth: "Elisabeth" #NT!
 mr_emily: "Emily" #NT!
 mr_emma: "Emma" #NT!
 mr_erna: "Erna" #NT!
 mr_esther: "Esther" #NT!
 mr_flurina: "Flurina" #NT!
 mr_frieda: "Frieda" #NT!
 mr_giulietta: "Giulietta" #NT!
 mr_heidi: "Heidi" #NT!
 mr_ida: "Ida" #NT!
 mr_iris: "Iris" #NT!
 mr_josephine: "Josephine" #NT!
 mr_laura: "Laura" #NT!
 mr_leonie: "Léonie" #NT!
 mr_louise: "Louise" #NT!
 mr_lucia: "Lucia" #NT!
 mr_margarethe: "Margarethe" #NT!
 mr_marguerite: "Marguerite" #NT!
 mr_marie: "Marie" #NT!
 mr_martha: "Martha" #NT!
 mr_martina: "Martina" #NT!
 mr_meta: "Meta" #NT!
 mr_minna: "Minna" #NT!
 mr_rosa: "Rosa" #NT!
 mr_rosina: "Rosina" #NT!
 mr_selma: "Selma" #NT!
 mr_serafina: "Serafina" #NT!
 mr_sophie: "Sophie" #NT!
 mr_therese: "Therese" #NT!
 mr_verena: "Verena" #NT!
 mr_vittoria: "Vittoria" #NT!
 #Last Name Noble 
 mr_a_marca: "à Marca" #NT!
 mr_ab_yberg: "ab Yberg" #NT!
 mr_abis: "Abis" #NT!
 mr_achermann_ab_ennerberg: "Achermann ab Ennerberg" #NT!
 mr_am_rhyn: "am Rhyn" #NT!
 mr_am_stad: "am Stad" #NT!
 mr_aregger_von_wildensteg: "Aregger von Wildensteg" #NT!
 mr_arnold_von_spiringen: "Arnold von Spiringen" #NT!
 mr_aspermont: "Aspermont" #NT!
 mr_auf_der_maur: "Auf der Maur" #NT!
 mr_bavier: "Bavier" #NT!
 mr_beeli: "Beeli" #NT!
 mr_belmont: "Belmont" #NT!
 mr_bernoulli: "Bernoulli" #NT!
 mr_besenwal: "Besenwal" #NT!
 mr_bessler: "Bessler" #NT!
 mr_blosch: "Blösch" #NT!
 mr_bodmer: "Bodmer" #NT!
 mr_bonstetten: "Bonstetten" #NT!
 mr_brugger: "Brugger" #NT!
 mr_bruegger: "Brügger" #NT!
 mr_brun: "Brun" #NT!
 mr_brumsi: "Brümsi" #NT!
 mr_burckhardt: "Burckhardt" #NT!
 mr_burkli: "Bürkli" #NT!
 mr_bueler: "Büeler" #NT!
 mr_buol: "Buol" #NT!
 mr_cabalzar: "Cabalzar" #NT!
 mr_capol: "Capol" #NT!
 mr_caprez: "Caprez" #NT!
 mr_castelberg: "Castelberg" #NT!
 mr_castelmur: "Castelmur" #NT!
 mr_caviezel: "Caviezel" #NT!
 mr_chiffelle: "Chiffelle" #NT!
 mr_crivelli: "Crivelli" #NT!
 mr_cron: "Cron" #NT!
 mr_d_affry: "d'Affry" #NT!
 mr_d_alt: "d'Alt" #NT!
 mr_d_amman: "d'Amman" #NT!
 mr_d_englisberg: "d'Englisberg" #NT!
 mr_d_odet: "d'Odet" #NT!
 mr_dachselhofer: "Dachselhofer" #NT!
 mr_de_bellevaux: "de Bellevaux" #NT!
 mr_de_boccard: "de Boccard" #NT!
 mr_de_bourgknecht: "de Bourgknecht" #NT!
 mr_de_buman: "de Buman" #NT!
 mr_de_castella: "de Castella" #NT!
 mr_de_chambrier: "de Chambrier" #NT!
 mr_de_courten: "de Courten" #NT!
 mr_de_crousaz: "de Crousaz" #NT!
 mr_de_diesbach: "de Diesbach" #NT!
 mr_de_duens: "de Duens" #NT!
 mr_de_faucigny: "de Faucigny" #NT!
 mr_de_fegely: "de Fégely" #NT!
 mr_de_gady: "de Gady" #NT!
 mr_de_gottrau: "de Gottrau" #NT!
 mr_de_lanthen-heid: "de Lanthen-Heid" #NT!
 mr_de_lenzbourg: "de Lenzbourg" #NT!
 mr_de_maillardoz: "de Maillardoz" #NT!
 mr_de_mestral: "de Mestral" #NT!
 mr_de_meuron: "de Meuron" #NT!
 mr_de_montenach: "de Montenach" #NT!
 mr_de_praroman: "de Praroman" #NT!
 mr_de_preux: "de Preux" #NT!
 mr_de_pury: "de Pury" #NT!
 mr_de_raemy: "de Raemy" #NT!
 mr_de_ratze: "de Ratzé" #NT!
 mr_de_reynold: "de Reynold" #NT!
 mr_de_reyff: "de Reyff" #NT!
 mr_de_rich: "de Rich" #NT!
 mr_de_sacconay: "de Sacconay" #NT!
 mr_de_saydor: "de Saydor" #NT!
 mr_de_schroeter: "de Schroeter" #NT!
 mr_de_techtermann: "de Techtermann" #NT!
 mr_de_tiefenthal: "de Tiefenthal" #NT!
 mr_de_vevey: "de Vevey" #NT!
 mr_de_weck: "de Weck" #NT!
 mr_de_werro: "de Werro" #NT!
 mr_demont: "Demont" #NT!
 mr_du_dyn: "du Dyn" #NT!
 mr_du_paquier: "du Paquier" #NT!
 mr_durler: "Dürler" #NT!
 mr_ehrenfels: "Ehrenfels" #NT!
 mr_enderlin: "Enderlin" #NT!
 mr_escher: "Escher" #NT!
 mr_escher_vom_glas: "Escher vom Glas" #NT!
 mr_escher_vom_luchs: "Escher vom Luchs" #NT!
 mr_falck: "Falck" #NT!
 mr_flisch_von_scheidt: "Flisch von Scheidt" #NT!
 mr_florin: "Florin" #NT!
 mr_frauenberg: "Frauenberg" #NT!
 mr_frey: "Frey" #NT!
 mr_frey_herose: "Frey-Herosé" #NT!
 mr_frolich: "Frölich" #NT!
 mr_geiger: "Geiger" #NT!
 mr_glutz: "Glutz" #NT!
 mr_goldlin_von_tiefenau: "Göldlin von Tiefenau" #NT!
 mr_goldschmid: "Goldschmid" #NT!
 mr_graf: "Graf" #NT!
 mr_graviseth: "Graviseth" #NT!
 mr_grimm_von_wartenfels: "Grimm von Wartenfels" #NT!
 mr_griset_de_forel: "Griset de Forel" #NT!
 mr_gugelberg_von_moos: "Gugelberg von Moos" #NT!
 mr_guler: "Guler" #NT!
 mr_hafner: "Hafner" #NT!
 mr_haldenstein: "Haldenstein" #NT!
 mr_hegner: "Hegner" #NT!
 mr_hettlinger: "Hettlinger" #NT!
 mr_hirzel: "Hirzel" #NT!
 mr_holzhalb: "Holzhalb" #NT!
 mr_hunerwadel: "Hünerwadel" #NT!
 mr_hunger: "Hunger" #NT!
 mr_hunziker: "Hunziker" #NT!
 mr_im_thurn: "Im Thurn" #NT!
 mr_imer: "Imer" #NT!
 mr_imhof: "Imhof" #NT!
 mr_in-albon: "In-Albon" #NT!
 mr_iselin: "Iselin" #NT!
 mr_jauch: "Jauch" #NT!
 mr_jecklin: "Jecklin" #NT!
 mr_jenatsch: "Jenatsch" #NT!
 mr_jenner: "Jenner" #NT!
 mr_jochberg: "Jochberg" #NT!
 mr_juvalt: "Juvalt" #NT!
 mr_kaufmann: "Kaufmann" #NT!
 mr_keller_vom_steinbock: "Keller vom Steinbock" #NT!
 mr_kilchsperger: "Kilchsperger" #NT!
 mr_kuon: "Kuon" #NT!
 mr_landenberg: "Landenberg" #NT!
 mr_landolt: "Landolt" #NT!
 mr_latour: "Latour" #NT!
 mr_leuw: "Leuw" #NT!
 mr_liechtenhan: "Liechtenhan" #NT!
 mr_lusser: "Lusser" #NT!
 mr_lussi: "Lussi" #NT!
 mr_manuel: "Manuel" #NT!
 mr_marmels: "Marmels" #NT!
 mr_mayr_von_baldegg: "Mayr von Baldegg" #NT!
 mr_meiss: "Meiss" #NT!
 mr_von_meiss: "von Meiss" #NT!
 mr_merian: "Merian" #NT!
 mr_meyer: "Meyer" #NT!
 mr_meyer_von_knonau: "Meyer von Knonau" #NT!
 mr_meyer_von_schauensee: "Meyer von Schauensee" #NT!
 mr_michel_von_schwertschwendi: "Michel von Schwertschwendi" #NT!
 mr_mohr: "Mohr" #NT!
 mr_montalt: "Montalt" #NT!
 mr_mossu: "Mossu" #NT!
 mr_mulner: "Mülner" #NT!
 mr_nageli: "Nägeli" #NT!
 mr_necker: "Necker" #NT!
 mr_oeri: "Oeri" #NT!
 mr_orelli: "Orelli" #NT!
 mr_pestalozzi: "Pestalozzi" #NT!
 mr_peyer_im_hof: "Peyer im Hof" #NT!
 mr_peyer_mit_den_wecken: "Peyer mit den Wecken" #NT!
 mr_planta: "Planta" #NT!
 mr_pfyffer_von_altishofen: "Pfyffer von Altishofen" #NT!
 mr_preiswerk: "Preiswerk" #NT!
 mr_puntener: "Püntener" #NT!
 mr_rascher: "Raschèr" #NT!
 mr_reding: "Reding" #NT!
 mr_rilliet: "Rilliet" #NT!
 mr_ringg_von_baldenstein: "Ringg von Baldenstein" #NT!
 mr_ringier: "Ringier" #NT!
 mr_rosenroll: "Rosenroll" #NT!
 mr_rosselet-dit-charpillod: "Rosselet-dit-Charpillod" #NT!
 mr_roten: "Roten" #NT!
 mr_rothpletz: "Rothpletz" #NT!
 mr_rudellad: "Rudellad" #NT!
 mr_ruhenberg: "Ruhenberg" #NT!
 mr_ruinelli: "Ruinelli" #NT!
 mr_salis: "Salis" #NT!
 mr_sarasin: "Sarasin" #NT!
 mr_scarpatetti: "Scarpatetti" #NT!
 mr_schauenstein: "Schauenstein" #NT!
 mr_schlumberger: "Schlumberger" #NT!
 mr_schmuziger: "Schmuziger" #NT!
 mr_schmid_von_bellikon: "Schmid von Bellikon" #NT!
 mr_schmid_von_der_kugel: "Schmid von der Kugel" #NT!
 mr_schnyder_von_wartensee: "Schnyder von Wartensee" #NT!
 mr_schorsch: "Schorsch" #NT!
 mr_schwytzer_von_Buonas: "Schwytzer von Buonas" #NT!
 mr_segesser_von_brunegg: "Segesser von Brunegg" #NT!
 mr_senn: "Senn" #NT!
 mr_seyler: "Seyler" #NT!
 mr_socin: "Socin" #NT!
 mr_spengler: "Spengler" #NT!
 mr_sprecher_von_bernegg: "Sprecher von Bernegg" #NT!
 mr_staehelin: "Staehelin" #NT!
 mr_stampfli: "Stämpfli" #NT!
 mr_steiger_von_rolle: "Steiger von Rolle" #NT!
 mr_steiner: "Steiner" #NT!
 mr_stockalper: "Stockalper" #NT!
 mr_stockar_von_neunforn: "Stokar von Neuforn" #NT!
 mr_strauss: "Strauss" #NT!
 mr_stricker: "Stricker" #NT!
 mr_sulzer: "Sulzer" #NT!
 mr_supersaxo: "Supersaxo" #NT!
 mr_surbeck: "Surbeck" #NT!
 mr_sutter: "Sutter" #NT!
 mr_tanner: "Tanner" #NT!
 mr_travers: "Travers" #NT!
 mr_troger: "Troger" #NT!
 mr_tscharner: "Tscharner" #NT!
 mr_thut: "Thut" #NT!
 mr_ubercastel: "Übercastel" #NT!
 mr_unterwegen: "Unterwegen" #NT!
 mr_varnbuler: "Varnbüler" #NT!
 mr_vischer: "Vischer" #NT!
 mr_voitel: "Voitel" #NT!
 mr_vom_staal: "vom Staal" #NT!
 mr_von_arx: "von Arx" #NT!
 mr_von_balthasar: "von Balthasar" #NT!
 mr_von_beroldingen: "von Beroldingen" #NT!
 mr_von_der_weid: "Von der Weid" #NT!
 mr_von_diesbach: "von Diesbach" #NT!
 mr_von_fulach: "von Fulach" #NT!
 mr_von_haller: "von Haller" #NT!
 mr_von_hallwyl: "von Hallwyl" #NT!
 mr_von_hartmann: "von Hartmann" #NT!
 mr_von_hertenstein: "von Hertenstein" #NT!
 mr_von_kellern: "von Kellern" #NT!
 mr_von_kessler: "von Kessler" #NT!
 mr_von_luternau: "von Luternau" #NT!
 mr_von_mandach: "von Mandach" #NT!
 mr_von_meyenburg: "von Meyenburg" #NT!
 mr_von_riedmatten: "von Riedmatten" #NT!
 mr_von_roll: "von Roll" #NT!
 mr_von_ruttimann: "von Rüttimann" #NT!
 mr_von_schumacher: "von Schumacher" #NT!
 mr_von_spiegelberg: "von Spiegelberg" #NT!
 mr_von_streng: "von Streng" #NT!
 mr_von_stokar: "von Stokar" #NT!
 mr_von_sury: "von Sury" #NT!
 mr_von_waldkirch: "von Waldkirch" #NT!
 mr_von_vigier: "von Vigier" #NT!
 mr_wallier: "Wallier" #NT!
 mr_weber: "Weber" #NT!
 mr_werdmuller: "Werdmüller" #NT!
 mr_wyttenbach: "Wyttenbach" #NT!
 mr_zellweger: "Zellweger" #NT!
 mr_ziegler: "Ziegler" #NT!
 mr_zimmermann: "Zimmermann" #NT!
 mr_zollikofer_von_altenklingen: "Zollikofer von Altenklingen" #NT!
 mr_zumbrunnen: "Zumbrunnen" #NT!
 mr_zurlauben: "Zurlauben" #NT!
 mr_zur_gilgen: "zur Gilgen" #NT!
 mr_zweyer_von_evenbach: "Zweyer von Evenbach" #NT!
 #Last Name Common 
 mr_abderhalden: "Abderhalden" #NT!
 mr_andreazzi: "Andreazzi" #NT!
 mr_anker: "Anker"
 mr_aubert: "Aubert" #NT!
 mr_baggi: "Baggi" #NT!
 mr_betschart: "Betschart" #NT!
 mr_blaser: "Blaser" #NT!
 mr_bocklin: "Böcklin"
 mr_bonetti: "Bonetti" #NT!
 mr_bossy: "Bossy" #NT!
 mr_buchli: "Buchli" #NT!
 mr_burki: "Burki" #NT!
 mr_bustelli: "Bustelli" #NT!
 mr_chiesa: "Chiesa" #NT!
 mr_coaz: "Coaz" #NT!
 mr_cramer: "Cramer" #NT!
 mr_disteli: "Disteli" #NT!
 mr_druey: "Druey" #NT!
 mr_eder: "Eder" #NT!
 mr_ehrensberger: "Ehrensberger" #NT!
 mr_emmenegger: "Emmenegger" #NT!
 mr_fazy: "Fazy" #NT!
 mr_fischer: "Fischer" #NT!
 mr_flach: "Flach" #NT!
 mr_forrer: "Forrer" #NT!
 mr_franscini: "Franscini" #NT!
 mr_frei: "Frei" #NT!
 mr_furrer: "Furrer" #NT!
 mr_germann: "Germann" #NT!
 mr_glarner: "Glarner" #NT!
 mr_gotthelf: "Gotthelf"
 mr_gruber: "Gruber" #NT!
 mr_haldemann: "Haldemann" #NT!
 mr_heer: "Heer" #NT!
 mr_hodler: "Hodler"
 mr_holzherr: "Holzherr" #NT!
 mr_huber: "Huber" #NT!
 mr_hunsperger: "Hunsperger" #NT!
 mr_jacobi: "Jacobi" #NT!
 mr_jucker: "Jucker" #NT!
 mr_kaser: "Käser" #NT!
 mr_keller: "Keller" #NT!
 mr_kocher: "Kocher"
 mr_kohler: "Kohler" #NT!
 mr_laimbacher: "Laimbacher" #NT!
 mr_lardon: "Lardon" #NT!
 mr_leu: "Leu" #NT!
 mr_marti: "Marti" #NT!
 mr_maurer: "Maurer" #NT!
 mr_meier: "Meier" #NT!
 mr_meister: "Meister" #NT!
 mr_meli: "Meli" #NT!
 mr_messikommer: "Messikommer" #NT!
 mr_mockli: "Möckli" #NT!
 mr_muller: "Müller" #NT!
 mr_naegeli: "Nägeli" #NT!
 mr_niederer: "Niederer" #NT!
 mr_niklaus: "Niklaus" #NT!
 mr_ochsenbein: "Ochsenbein" #NT!
 mr_ochsner: "Ochner" #NT!
 mr_pedrazzini: "Pedrazzini" #NT!
 mr_piccard: "Piccard" #NT!
 mr_rikli: "Rikli" #NT!
 mr_ritschard: "Ritschard" #NT!
 mr_rochat: "Rochat" #NT!
 mr_roschi: "Roschi" #NT!
 mr_roth: "Roth" #NT!
 mr_rufenacht: "Rüfenacht" #NT!
 mr_rusca: "Rusca" #NT!
 mr_rutimeyer: "Rütimeyer" #NT!
 mr_salzmann: "Salzmann" #NT!
 mr_schlapfer: "Schläpfer" #NT!
 mr_schlatter: "Schlatter" #NT!
 mr_schmid: "Schmid" #NT!
 mr_sempach: "Sempach" #NT!
 mr_siegenthaler: "Siegenthaler" #NT!
 mr_spitteler: "Spitteler"
 mr_spyri: "Spyri"
 mr_stamm: "Stamm" #NT!
 mr_stehlin: "Stehlin" #NT!
 mr_steinegger: "Steinegger" #NT!
 mr_studer: "Studer" #NT!
 mr_stucki: "Stucki" #NT!
 mr_thommen: "Thommen" #NT!
 mr_tommen: "Tommen" #NT!
 mr_thomann: "Thomann" #NT!
 mr_thurneysen: "Thurneysen" #NT!
 mr_ulmer: "Ulmer" #NT!
 mr_venetz: "Venetz" #NT!
 mr_vetterli: "Vetterli" #NT!
 mr_vogel: "Vogel" #NT!
 mr_vogt: "Vogt" #NT!
 mr_wanner: "Wanner" #NT!
 mr_wehrli: "Wehrli" #NT!
 mr_wenger: "Wenger" #NT!
 mr_wernli: "Wernli" #NT!
 mr_widmer: "Widmer" #NT!
 mr_wildermuth: "Wildermuth" #NT!
 mr_wicki: "Wicki" #NT!
 mr_wolf: "Wolf" #NT!
 mr_zuberbuehler: "Zuberbühler" #NT!
 mr_zurcher: "Zürcher" #NT!
  
### Anglo-Canadian ### 
 #First Names 
 mr_davidson: "Davidson" #NT!
 #Last Names 
 mr_black: "Black" #NT!
  
 ### Ashkenazi ### 
 #Last Names 
 mr_einstein: "Einstein" #NT!
 mr_schwarzschild: "Schwarzschild" #NT!
  
### Austrian ### 
 #First Names 
 mr_anton: "Anton"
 mr_franz: "Franz"
 mr_georg: "Georg" #NT!
 mr_gustav: "Gustav"
 mr_joseph_roman: "Joseph Roman" #NT!
 mr_rainer_maria: "Rainer Maria"
 mr_simon: "Simon"
 mr_stefan: "Stefan"
 #Last Names
 mr_bruckner: "Bruckner"
 mr_czerny: "Czerny"
 mr_diabelli: "Diabelli"
 mr_kafka: "Kafka"
 mr_klimt: "Klimt"
 mr_kreil: "Kreil" #NT!
 mr_liszt: "Liszt"
 mr_lorenz: "Lorenz" #NT!
 mr_mahler: "Mahler"
 mr_maler: "Maler" #NT!
 mr_musil: "Musil"
 mr_rilke: "Rilke"
 mr_schoenberg: "Schönberg"
 mr_sechter: "Sechter"
 mr_semmelweis: "Semmelweis"
 mr_strauss_i: "Strauss I"
 mr_strauss_ii: "Strauss II"
 mr_von_frauenfeld: "von Frauenfeld" #NT!
 mr_zweig: "Zweig"
  
### Australian ### 
 #Male First Names 
 mr_alexander_walker: "Alexander Walker" #NT!
 mr_frederick: "Frederick" #NT!
 #Female First Names 
 mr_harriet: "Harriet" #NT!
 #Last Names 
 mr_mccoy: "McCoy" #NT!
 mr_scott: "Scott" #NT!
  
 ### Basque ### 
 #Last Names 
 mr_baraibar: "Bareibar" #NT!
  
### Bengali ### 
 #First Names 
 mr_jagadish_chandra: "Jagadish Chandra" #NT!
 mr_meghnad: "Meghnad" #NT!
 mr_rabindranath: "Rabindranath"
 #Last Names 
 mr_bose: "Bose" #NT!
 mr_saha: "Saha" #NT!
 mr_tagore: "Tagore"
  
### Brazilian ### 
 #First Names 
 mr_aluisio: "Aluísio"
 mr_antonio_carlos: "Antônio Carlos"
 mr_emilio: "Emílio" #NT!
 mr_goncalves: "Gonçalves"
 mr_jose: "José"
 mr_ladislau: "Ladislau" #NT!
 mr_luciano: "Luciano"
 mr_machado: "Machado"
 mr_oscar_lorenzo: "Oscar Lorenzo"
 #Last Names
 mr_azevedo: "Azevedo"
 mr_de_alencar: "de Alencar"
 mr_de_assis: "de Assis"
 mr_de_souza_mello_netto: "de Souza Mello Netto" #NT!
 mr_dias: "Dias"
 mr_fernandez: "Fernández"
 mr_gallet: "Gallet"
 mr_goeldi: "Goeldi" #NT!
 mr_gomes: "Gomes"
  
### British ### 
 #Male First Names
 mr_a_a: "A.A."
 mr_alfred_russel: "Alfred Russel" #NT!
 mr_arthur: "Arthur"
 mr_arthur_conan: "Arthur Conan" #NT!
 mr_charles_eugene_lancelot: "Charles Eugene Lancelot" #NT!
 mr_edward: "Edward" #NT!
 mr_flinders: "Flinders" #NT!
 mr_henry_creswick: "Henry Creswick" #NT!
 mr_hg: "H.G."
 mr_howard: "Howard" #NT!
 mr_isambard_kingdom: "Isambard Kingdom" #NT!
 mr_jrr: "J.R.R."
 mr_lewis: "Lewis"
 mr_michael_william: "Michael William"
 mr_phileas: "Phileas" #NT!
 mr_ralph_vaughan: "Ralph Vaughan"
 mr_rudyard: "Rudyard"
 mr_thomas_henry: "Thomas Henry" #NT!
 mr_william: "William"
 #Female First Names
 mr_agatha: "Agatha"
 mr_beatrix: "Beatrix"
 mr_hertha: "Hertha" #NT!
 mr_mary: "Mary" #NT!
 mr_virginia: "Virginia"
 #Last Names 
 mr_anning: "Anning" #NT!
 mr_ayrton: "Ayrton" #NT!
 mr_babbage: "Babbage" #NT!
 mr_brown: "Brown" #NT!
 mr_brunel: "Brunel" #NT!
 mr_carroll: "Carroll"
 mr_carter: "Carter" #NT!
 mr_christie: "Christie"
 mr_cole: "Cole"
 mr_darwin: "Darwin" #NT!
 mr_delius: "Delius"
 mr_doyle: "Doyle" #NT!
 mr_elgar: "Elgar" #NT!
 mr_fogg: "Fogg" #NT!
 mr_holst: "Holst"
 mr_huxley: "Huxley" #NT!
 mr_kipling: "Kipling"
 mr_lister: "Lister"
 mr_liston: "Liston"
 mr_livingstone: "Livingstone" #NT!
 mr_maudslay: "Maudslay" #NT!
 mr_milne: "Milne"
 mr_owen: "Owen" #NT!
 mr_petrie: "Petrie" #NT!
 mr_potter: "Potter"
 mr_rawlinson: "Rawlinson" #NT!
 mr_rolls: "Rolls" #NT!
 mr_royce: "Royce" #NT!
 mr_shelley: "Shelley"
 mr_snow: "Snow"
 mr_sullivan: "Sullivan"
 mr_tolkien: "Tolkien"
 mr_turner: "Turner"
 mr_wallace: "Wallace" #NT!
 mr_wells: "Wells"
 mr_williams: "Williams"
 mr_woolf: "Woolf"
  
### Catalonian ### 
 #First Names 
 mr_antoni: "Antoni" #NT!
 #Last Names
 mr_gaudi: "Gaudì" #NT!
 mr_granados: "Granados"
  
### Croatian ### 
 #First Names 
 mr_juraj: "Juraj" #NT!
 #Last Names 
 mr_kolombatovic: "Kolombatović" #NT!
  
### Czech ### 
 #First Names
 mr_antonin: "Antonín"
 mr_bedrich: "Bedřich"
 mr_jan: "Jan" #NT!
 #Last Names 
 mr_dvorak: "Dvořák"
 mr_mucha: "Mucha"
 mr_perner: "Perner" #NT!
 mr_smetana: "Smetana"
  
### Danish ### 
 #First Names 
 mr_asger: "Asger"
 mr_christian_jurgensen: "Christian Jürgensen" #NT!
 mr_christoffer: "Christoffer"
 mr_ejnar: "Ejnar" #NT!
 mr_hans_christian: "Hans Christian"
 mr_japetus: "Japetus" #NT!
 #Last Name
 mr_andersen: "Andersen"
 mr_eckersberg: "Eckersberg"
 mr_hamerik: "Hamerik"
 mr_hertzsprung: "Hertzsprung" #NT!
 mr_lumbye: "Lumbye"
 mr_panum: "Panum"
 mr_steenstrup: "Steenstrup" #NT!
 mr_thomsen: "Thomsen" #NT!
  
### Dutch ### 
 #First Names
 mr_andreas: "Andreas"
 mr_eduard_douwes_multatuli: "Eduard Douwes \"Multatuli\""
 mr_hendrik: "Hendrik" #NT!
 mr_vincent: "Vincent"
 #Last Name
 mr_dekker: "Dekker"
 mr_dubois: "Dubois" #NT!
 mr_schelfhout: "Schelfhout"
 mr_van_gogh: "van Gogh"
 mr_van_rijgersma: "Van Rijhersma" #NT!
  
###Finnish###
 #Last Names
 mr_sibelius: "Sibelius"

### Flemish ### 
 #First Names 
 mr_pierre_joseph: "Pierre Joseph" #NT!
 #Last Name 
 mr_belpaire: "Belpaire" #NT!
 mr_jenatzy: "Jenatzy" #NT!
 mr_renard: "Renard" #NT!
 mr_van_beneden: "van Beneden" #NT!
  
### French ### 
 #First Names 
 mr_alcide: "Alcide" #NT!
 mr_daniel: "Daniel"
 mr_georges: "Georges" #NT!
 mr_guy: "Guy"
 mr_hector: "Hector"
 mr_henri: "Henri" #NT!
 mr_honore: "Honoré"
 mr_horace: "Horace"
 mr_jules_albert: "Jules-Albert" #NT!
 mr_louis: "Louis" #NT!
 mr_maurice: "Maurice"
 mr_paul: "Paul" #NT!
 mr_paul_emile: "Paul Emile" #NT!
 mr_rene: "René" #NT!
 mr_urbain: "Urbain" #NT!
 mr_william_adolphe: "William-Adolphe"
 #Last Names
 mr_auber: "Auber"
 mr_baudelaire: "Baudelaire"
 mr_berlioz: "Berlioz"
 mr_bizet: "Bizet"
 mr_botta: "Botta" #NT!
 mr_bouguereau: "Bouguereau"
 mr_bouton: "Bouton" #NT!
 mr_breuil: "Breuil" #NT!
 mr_chassepot: "Chassepot" #NT!
 mr_cezanne: "Cézanne"
 mr_chopin: "Chopin"
 mr_debussy: "Debussy"
 mr_delacroix: "Delacroix"
 mr_de_balzac: "de Balzac"
 mr_de_dion: "de Dion" #NT!
 mr_de_maupassant: "de Maupassant"
 mr_de_saint_exupery: "de Saint-Exupéry"
 mr_d_orbigny: "d'Orbigny" #NT!
 mr_dollo: "Dollo" #NT!
 mr_dumas: "Dumas"
 mr_dumas_fils: "Dumas Fils"
 mr_dupont: "Dupont"
 mr_eiffel: "Eiffel" #NT!
 mr_farrenc: "Farrenc"
 mr_flaubert: "Flaubert"
 mr_gervais: "Gervais" #NT!
 mr_janssen: "Janssen" #NT!
 mr_leblanc: "Leblanc"
 mr_le_verrier: "Le Verrier" #NT!
 mr_mariette: "Mariette" #NT!
 mr_monet: "Monet"
 mr_panhard: "Panhard" #NT!
 mr_proust: "Proust"
 mr_ravel: "Ravel"
 mr_renault: "Renault" #NT!
 mr_sand: "Sand"
 mr_saint_saens: "Saint-Saëns"
 mr_valery: "Valéry"
 mr_verne: "Verne"
 mr_vernet: "Vernet"
  
### Francoprovencal ### 
 #Male First Names 
 mr_adolphe: "Adolphe" #NT!
 mr_adrien: "Adrien" #NT!
 mr_albert: "Albert" #NT!
 mr_alexandre: "Alexandre" #NT!
 mr_alexis: "Alexis" #NT!
 mr_alphonse: "Alphonse" #NT!
 mr_alphonse_pyrame: "Alphonse Pyrame" #NT!
 mr_andre: "André" #NT!
 mr_antoine: "Antoine" #NT!
 mr_auguste: "Auguste" #NT!
 mr_boniface: "Boniface" #NT!
 mr_cf: "C.F."
 mr_claude: "Claude" #NT!
 mr_charles_jules: "Charles-Jules" #NT!
 mr_charles_louis: "Charles-Louis" #NT!
 mr_e_douard: "Édouard"
 mr_edouard: "Edouard" #NT!
 mr_emile: "Émile" #NT!
 mr_ernest: "Ernest" #NT!
 mr_francois: "François" #NT!
 mr_gabriel: "Gabriel" #NT!
 mr_gerard: "Gérard" #NT!
 mr_gustave: "Gustave" #NT!
 mr_henri_francois: "Henri François" #NT!
 mr_henri_frederic: "Henri-Frédéric"
 mr_isaac: "Isaac" #NT!
 mr_jaques_louis: "Jaques-Louis"
 mr_jean: "Jean"
 mr_jean_baptiste: "Jean-Baptiste" #NT!
 mr_jean_charles: "Jean Charles"
 mr_jean_francois: "Jean-François" #NT!
 mr_jean_pierre: "Jean-Pierre" #NT!
 mr_jean_severin: "Jean-Séverin" #NT!
 mr_jules: "Jules" #NT!
 mr_lambert: "Lambert" #NT!
 mr_leonard: "Léonard" #NT!
 mr_maximilien: "Maximilien" #NT!
 mr_michel: "Michel" #NT!
 mr_pierre: "Pierre" #NT!
 mr_pierre_elie: "Pierre-Elie" #NT!
 mr_rodolphe: "Rodolphe"
 mr_rolin: "Rolin" #NT!
 mr_raymond: "Raymond" #NT!
 mr_theodore: "Théodore" #NT!
 mr_victor: "Victor" #NT!
 #Female First Names 
 mr_alice: "Alice" #NT!
 mr_aline: "Aline" #NT!
 mr_camille: "Camille" #NT!
 mr_cecile: "Cécile" #NT!
 mr_louise_lucrece: "Louise-Lucrèce" #NT!
 mr_madeleine: "Madeleine" #NT!
 mr_marie_blanche: "Marie-Blanche" #NT!
 mr_marie_louise: "Marie-Louise" #NT!
 mr_sarah: "Sarah" #NT!
 #Noble Last Names 
 mr_allet: "Allet" #NT!
 mr_bergier: "Bergier" #NT!
 mr_d_allinges: "d'Allinges" #NT!
 mr_de_blonay: "de Blonay" #NT!
 mr_de_candolle: "de Candolle" #NT!
 mr_de_mieville: "de Miéville" #NT!
 mr_galissard_de_marignac: "Galissard de Marignac"
 mr_guiger_de_prangins: "Guiger de Prangins" #NT!
 mr_lullin: "Lullin" #NT!
 mr_seigneux: "Seigneux" #NT!
 mr_wavre: "Wavre" #NT!
 #Common Last Names
 mr_advocat: "Advocat" #NT!
 mr_agassiz: "Agassiz"
 mr_amiel: "Amiel"
 mr_bandelier: "Bandelier" #NT!
 mr_berguer: "Berguer" #NT!
 mr_bieler: "Biéler" #NT!
 mr_boissier: "Boissier" #NT!
 mr_bridel: "Bridel" #NT!
 mr_bugnion: "Bugnion" #NT!
 mr_burnat: "Burnat" #NT!
 mr_butticaz: "Butticaz" #NT!
 mr_castres: "Castres"
 mr_cellerier: "Cellérier" #NT!
 mr_chambrier: "Chambrier" #NT!
 mr_chevrolet: "Chevrolet" #NT!
 mr_clavel: "Clavel" #NT!
 mr_diday: "Diday"
 mr_duc: "Duc" #NT!
 mr_favre: "Favre" #NT!
 mr_friolet: "Friolet" #NT!
 mr_galley: "Galley" #NT!
 mr_ganioz: "Ganioz" #NT!
 mr_gard: "Gard" #NT!
 mr_gillieron: "Gilliéron" #NT!
 mr_girard: "Girard" #NT!
 mr_girardin: "Girardin" #NT!
 mr_mandrot: "Mandrot" #NT!
 mr_meuron: "Meuron" #NT!
 mr_morandi: "Morandi" #NT!
 mr_pictet: "Pictet" #NT!
 mr_pittier: "Pittier" #NT!
 mr_pury: "Pury" #NT!
 mr_ramuz: "Ramuz"
 mr_recordon: "Recordon"
 mr_sandoz: "Sandoz" #NT!
 mr_secretan: "Secretan" #NT!
 mr_sellon: "Sellon" #NT!
 mr_soret: "Soret"
 mr_topffer: "Töpffer"
 mr_viollier: "Viollier" #NT!
 mr_yersin: "Yersin"
  
### German ### 
 #Male First Names 
 mr_alexander: "Alexander" #NT!
 mr_august_ferdinand: "August Ferdinand" #NT!
 mr_carl: "Carl" #NT!
 mr_carl_friedrich: "Carl Friedrich" #NT!
 mr_caspar_david: "Caspar David"
 mr_eduard: "Eduard" #NT!
 mr_ernst: "Ernst" #NT!
 mr_felix: "Felix"
 mr_ferdinand: "Ferdinand" #NT!
 mr_franz_xaver: "Franz Xaver" #NT!
 mr_friedrich: "Friedrich" #NT!
 mr_friedrich_wilhelm: "Friedrich Wilhelm" #NT!
 mr_hans: "Hans"
 mr_hugo: "Hugo" #NT!
 mr_ilse: "Ilse" #NT!
 mr_johann: "Johann" #NT!
 mr_johann_carl: "Johann Carl" #NT!
 mr_johann_gottfried: "Johann Gottfried"
 mr_johann_lukas: "Johann Lukas"
 mr_joseph: "Joseph"
 mr_justus: "Justus"
 mr_karl_richard: "Karl Richard" #NT!
 mr_manfred: "Manfred" #NT!
 mr_matthias_jacob: "Matthias Jacob" #NT!
 mr_nicolaus: "Nicolaus" #NT!
 mr_peter_paul: "Peter Paul" #NT!
 mr_philipp: "Philipp"
 mr_robert: "Robert" #NT!
 mr_siegfried: "Siegfried"
 mr_wilhelm: "Wilhelm" #NT!
 mr_wilhelm_eduard: "Wilhelm Eduard" #NT!
 #Female First Names 
 mr_maria: "Maria" #NT!
 #Last Names 
 mr_argelander: "Argelander" #NT!
 mr_becker: "Becker"
 mr_benz: "Benz" #NT!
 mr_berg: "Berg" #NT!
 mr_brahms: "Brahms"
 mr_brehm: "Brehm" #NT!
 mr_bunsen: "Bunsen"
 mr_burmeister: "Burmeister" #NT!
 mr_cornelius: "Cornelius"
 mr_curtius: "Curtius" #NT!
 mr_delitzsch: "Delitzsch" #NT!
 mr_dehn: "Dehn"
 mr_doblin: "Döblin"
 mr_erlenmeyer: "Erlenmeyer"
 mr_esser: "Esser"
 mr_essers: "Essers" #NT!
 mr_fuhlrott: "Fuhlrott" #NT!
 mr_galle: "Galle"
 mr_gauss: "Gauß" #NT!
 mr_hahn: "Hahn"
 mr_hesse: "Hesse"
 mr_hitler: "Hitler" #NT!
 mr_hofmann: "Hofman"
 mr_koch: "Koch"
 mr_koldewey: "Koldewey" #NT!
 mr_kugler: "Kugler" #NT!
 mr_lachner: "Lachner"
 mr_leichhardt: "Leichhardt" #NT!
 mr_lepsius: "Lepsius" #NT!
 mr_lortzing: "Lortzing"
 mr_mann: "Mann"
 mr_mannlicher: "Mannlicher" #NT!
 mr_mauser: "Mauser" #NT!
 mr_marc: "Marc"
 mr_maybach: "Maybach" #NT!
 mr_mendelssohn_bartholdy: "Mendelssohn Bartholdy"
 mr_meyerbeer: "Meyerbeer"
 mr_moebius: "Möbius" #NT!
 mr_nicolai: "Nicolai"
 mr_offenbach: "Offenbach"
 mr_opel: "Opel" #NT!
 mr_piefke: "Piefke"
 mr_planck: "Planck" #NT!
 mr_schaafhausen: "Schaafhausen" #NT!
 mr_schleiden: "Schleiden" #NT!
 mr_schliemann: "Schliemann" #NT!
 mr_schonlein: "Schönlein"
 mr_schumann: "Schumann"
 mr_spitzweg: "Spitzweg"
 mr_spohr: "Spohr"
 mr_staedeler: "Städeler"
 mr_virchow: "Virchow"
 mr_wagner: "Wagner" #NT!
 mr_winckler: "Winckler" #NT!
 mr_veit: "Veit"
 mr_von_bulow: "von Bülow"
 mr_von_eichendorff: "von Eichendorff"
 mr_von_frantzius: "von Frantzius" #NT!
 mr_von_liebig: "von Liebig"
 mr_von_linden: "von Linden" #NT!
 mr_von_richthofen: "von Richthofen" #NT!
 mr_von_zeppelin: "von Zeppelin" #NT!
  
### Greek ### 
 #Frist Names Male 
 mr_aristotelis: "Aristotelis"
 mr_dimitri: "Dimitri"
 mr_dimitrios: "Dimitrios" #NT!
 mr_emmanouil: "Emmanuil" #NT!
 mr_georgios_konstantinos: "Georgios Konstantinos" #NT!
 mr_ioannis: "Ioannis" #NT!
 mr_kyriakos: "Kyriakos" #NT!
 mr_manolis: "Manolis"
 mr_nicolas: "Nicolas" #NT!
 mr_nikolaos: "Nikolaos"
 mr_panagiotis: "Panagiotis" #NT!
 mr_pavlos: "Pavlos"
 mr_spyridon: "Spyridon"
 mr_spyros: "Spyros"
 mr_stefanos: "Stefanos" #NT!
 mr_valerios: "Valerios" #NT!
 #First Names Femake 
 mr_semni: "Semni" #NT!
 #Last Names 
 mr_argyropoulos: "Argyropoulos" #NT!
 mr_carrer: "Carrer"
 mr_kalomiris: "Kalomiris"
 mr_karouzou: "Karouzou" #NT!
 mr_kavvadias: "Kavvadias" #NT!
 mr_kitsikis: "Kitsikis" #NT!
 mr_koumanoudis: "Koumanoudis" #NT!
 mr_koundouroff: "Koundouroff"
 mr_matzaros: "Matzaros"
 mr_mitropoulos: "Mitropoulos"
 mr_papadakis: "Papadakis" #NT!
 mr_pittakis: "Pittakis" #NT!
 mr_samaros: "Samaros"
 mr_skalistiris: "Skalistiris" #NT!
 mr_stais: "Stais" #NT!
 mr_vouris: "Vouris" #NT!
 mr_xyndas: "Xyndas"
  
### Han ### 
 #Frist Names 
 mr_guowei: "Guowei" #NT!
 mr_lu: "Lu"
 #Last Names 
 mr_wang: "Wang" #NT!
 mr_xun: "Xun"
  
### Hungarian ### 
 #Frist Names
 mr_bela: "Béla"
 mr_istvan: "István"
 mr_stephan: "Stephan" #NT!
 #Last Names 
 mr_bartok: "Bartók"
 mr_endlicher: "Endlicher" #NT!
 mr_turr: "Türr"

### Irish ###
 #Male First Names
 mr_bram: "Bram"
 #Last Names
 mr_balfe: "Balfe"
 mr_joyce: "Joyce"
 mr_stoker: "Stoker"

### Italian ### 
 #Male First Names
 mr_alberto: "Alberto"
 mr_alessandro: "Alessandro" #NT!
 mr_alfieri: "Alfieri" #NT!
 mr_amilcare: "Amilcare"
 mr_arturo: "Arturo" #NT!
 mr_camillo: "Camillo"
 mr_dante: "Dante" #NT!
 mr_edmondo: "Edmondo"
 mr_enzo: "Enzo" #NT!
 mr_ernesto: "Ernesto" #NT!
 mr_ettore: "Ettore" #NT!
 mr_federico: "Federico" #NT!
 mr_filippo: "Filippo" #NT!
 mr_florentino: "Florentino" #NT!
 mr_gabriele: "Gabriele" #NT!
 mr_gaetano: "Gaetano"
 mr_gaetano_giorgio: "Gaetano Giorgio" #NT!
 mr_gioachino: "Gioachino"
 mr_giosue: "Giosuè"
 mr_giovanni: "Giovanni" #NT!
 mr_giovanni_battista: "Giovanni Battista" #NT!
 mr_giuseppe: "Giuseppe" #NT!
 mr_giuseppe_giovanni_antonio: "Giuseppe Giovanni Antonio" #NT!
 mr_guglielmo: "Guglielmo" #NT!
 mr_italo: "Italo"
 mr_lauro: "Lauro"
 mr_niccolo: "Niccolò" #NT!
 mr_nicolo: "Nicolò"
 mr_odoardo: "Odoardo" #NT!
 mr_ottorino: "Ottorino"
 mr_oreste: "Oreste" #NT!
 mr_pellegrino: "Pellegrino" #NT!
 mr_piero: "Piero" #NT!
 mr_saverio: "Saverio"
 mr_teodulo: "Teodulo"
 #Female First Names 
 mr_agata: "Agata" #NT!
 mr_fio: "Fio" #NT!
 #Last Names 
 mr_ameghino: "Ameghino" #NT!
 mr_amici: "Amici" #NT!
 mr_antonelli: "Antonelli" #NT!
 mr_ascari: "Ascari"
 mr_bassani: "Bassani" #NT!
 mr_bugatti: "Bugatti" #NT!
 mr_beccari: "Beccari" #NT!
 mr_cagnoni: "Cagnoni"
 mr_capellini: "Capellini" #NT!
 mr_caracciola: "Caracciola"
 mr_carducci: "Carducci"
 mr_collodi: "Collodi"
 mr_dandolo: "Dandolo" #NT!
 mr_dannunzio: "Dannunzio" #NT!
 mr_delpino: "Delpino" #NT!
 mr_de_amicis: "de Amicis"
 mr_donizetti: "Donizetti"
 mr_ferrari: "Ferrari" #NT!
 mr_fiorelli: "Fiorelli" #NT!
 mr_fornasini: "Fornasini" #NT!
 mr_gabrielli: "Gabrielli"
 mr_gemmellaro: "Gemmellaro" #NT!
 mr_golgi: "Golgi"
 mr_hayez: "Hayez"
 mr_issel: "Issel" #NT!
 mr_lombroso: "Lombroso"
 mr_mabellini: "Mabellini"
 mr_marconi: "Marconi" #NT!
 mr_mascagni: "Mascagni"
 mr_maserati: "Maserati" #NT!
 mr_mattirolo: "Mattirolo" #NT!
 mr_mazzucato: "Mazzucato"
 mr_meneghini: "Meneghini" #NT!
 mr_mercadante: "Mercadante"
 mr_pacini: "Pacini"
 mr_parlatore: "Parlatore" #NT!
 mr_pascoli: "Pascoli"
 mr_pedrotti: "Pedrotti"
 mr_piccolo: "Piccolo" #NT!
 mr_ponchielli: "Ponchielli"
 mr_puccini: "Puccini"
 mr_respighi: "Respighi"
 mr_ricci: "Ricci"
 mr_rossi: "Rossi"
 mr_rossini: "Rossini"
 mr_santini: "Santini" #NT!
 mr_schiaparelli: "Schiaparelli" #NT!
 mr_strobel: "Strobel" #NT!
 mr_svevo: "Svevo"
 mr_verdi: "Verdi"
  
### Japanese ### 
 #First Names
 mr_hidetsugu: "Hidetsugu"
 mr_keisuke: "Keisuke" #NT!
 mr_narashige: "Narashige"
 mr_ryuzo: "Ryūzō"
 mr_sakichi: "Sakichi"
 mr_sakunosuke: "Sakunosuke"
 mr_shiki: "Shiki"
 mr_shoyo: "Shōyō"
 mr_soseki: "Sōseki"
 mr_tokushichi: "Tokushichi"
 #Last Names 
 mr_ito: "Ito" #NT!
 mr_koide: "Koide"
 mr_koyama: "Koyama"
 mr_masaoka: "Masaoka"
 mr_mishima: "Mishima"
 mr_natsume: "Natsume"
 mr_torii: "Torii"
 mr_toyoda: "Toyoda"
 mr_tsubouchi: "Tsubouchi"
 mr_yagi: "Yagi"

### Korean ###
 #First Names
 mr_byeong_gil: "Byeong-Gil"
 Han-gi: "Han-gi"
 mr_hui_dong: "Hui-Dong"
 mr_in_shik: "In-Shik"
 mr_in_jik: "In-Jik"
 mr_jung_sik: "Jung-Sik"
 mr_seung_eop: "Seung-Eop"
 mr_yun: "Yun"
 #Last Names
 mr_an: "An"
 mr_go: "Go"
 mr_jang: "Jang"
 mr_kang: "Kang"
 mr_kim: "Kim"
 mr_nam: "Nam"
 mr_yi: "Yi"

### Mexican ### 
 #First Names 
 mr_aniceto: "Aniceto"
 mr_leopoldo: "Leopoldo" #NT!
 mr_teoberto: "Teoberto" #NT!
 #Last Names 
 mr_batres: "Batres" #NT!
 mr_chavez: "Chávez"
 mr_ortega: "Ortega"
  
### Norwegian ### 
 #First Names 
 mr_edvard: "Edvard"
 mr_fridtjof: "Fridtjof" #NT!
 #Last Names 
 mr_grieg: "Grieg"
 mr_ibsen: "Ibsen"
 mr_nansen: "Nansen" #NT!
  
### Panjabi ### 
 #First Names 
 mr_birbal: "Birbal" #NT!
 #Last Names 
 mr_sahni: "Sahni" #NT!

### Persian ###
 #First Names
 mr_ali_naqi: "Ali-Naqi"
 mr_hadi: "Hadi"
 mr_hadi_qaani: "Hadi \"Qaani\""
 mr_jalal: "Jalal"
 mr_mirza: "Mirza"
 #Last Names
 mr_al_din_muhammad_al_isfahani: "al-Din Muhammad al-Isfahani"
 mr_abdollah: "Abdollah"
 mr_sabzavari: "Sabzavari"
 mr_shirazi: "Shirazi"
 mr_vaziri: "Vaziri"

### Polynesian 
 #First Names 
 mr_Ngaara: "Nga'ara" #NT!
 #Last Names 
 mr_Marama: "Marama" #NT!
  
### Polish ### 
 #First Names 
 mr_jozef: "Józef" #NT!
 mr_karol: "Karol"
 mr_zygmut: "Zygmut" #NT!
 #Last Names 
 mr_malinowski: "Malinowski"
 mr_mickiewicz: "Mickiewicz"
 mr_mieroslawski: "Mierosławski" #NT!
 mr_mineyko: "Mineyko" #NT!
 mr_paczoski: "Paczoski" #NT!
 mr_tausig: "Tausig"
  
### Portuguese ### 
 #First Names 
 mr_estacio: "Estácio" #NT!
 mr_julio_augusto: "Julio Augusto" #NT!
 mr_venceslau: "Venceslau" #NT!
 #Last Names 
 mr_henriques: "Henriques" #NT!
 mr_da_veiga: "da Veiga" #NT!
 mr_de_lima: "de Lima" #NT!
  
### Romanian ### 
 #First Names 
 mr_daniil: "Daniil" #NT!
 mr_dimitrie: "Dimitrie" #NT!
 mr_mihai: "Mihai"
 mr_traian: "Traian"
 #Last Names 
 mr_calugareanu: "Călugăreanu" #NT!
 mr_coanda: "Coandă"
 mr_eminescu: "Eminescu"
 mr_popovici_barcianu: "Popovici-Barcianu" #NT!
 mr_racovita: "Racoviță"
 mr_vuia: "Vuia"
  
###Rumantsch### 
 #Male First Names: 
 mr_adam: "Adam" #NT!
 mr_alesch: "Alesch" #NT!
 mr_andrin: "Andrin" #NT!
 mr_andri: "Andri" #NT!
 mr_badin: "Badin" #NT!
 mr_barclamiu: "Barclamius" #NT!
 mr_bengiamin: "Bengiamin" #NT!
 mr_bistgaun: "Bistgaun" #NT!
 mr_cassian: "Cassian" #NT!
 mr_chasper: "Chasper" #NT!
 mr_cornel: "Cornel" #NT!
 mr_corsin: "Corsin" #NT!
 mr_curdin: "Curdin" #NT!
 mr_dumeng: "Dumeng" #NT!
 mr_duri: "Duri" #NT!
 mr_durs: "Durs" #NT!
 mr_fadri: "Fadri" #NT!
 mr_flurin: "Flurin" #NT!
 mr_giachen: "Giachen" #NT!
 mr_gian: "Gian" #NT!
 mr_gianrico: "Gianrico" #NT!
 mr_gieri: "Gieri" #NT!
 mr_gion: "Gion" #NT!
 mr_giosch: "Giosch" #NT!
 mr_giusep: "Giusep" #NT!
 mr_godenzi: "Godenzi" #NT!
 mr_hercli: "Hercli" #NT!
 mr_jachen: "Jachen" #NT!
 mr_jero: "Jero" #NT!
 mr_jonin: "Jonin" #NT!
 mr_joeri: "Jöri" #NT!
 mr_jovin: "Jovin" #NT!
 mr_laurin: "Laurin" #NT!
 mr_linard: "Linard" #NT!
 mr_liun: "Liun" #NT!
 mr_londer: "Londer" #NT!
 mr_luregn: "Luregn" #NT!
 mr_lurin: "Lurin" #NT!
 mr_maurin: "Maurin" #NT!
 mr_mian: "Mian" #NT!
 mr_mudest: "Mudest" #NT!
 mr_niculin: "Niculin" #NT!
 mr_pirmin: "Pirmin" #NT!
 mr_rageth: "Rageth" #NT!
 mr_ramon: "Ramon" #NT!
 mr_ramun: "Ramun" #NT!
 mr_rato: "Räto" #NT!
 mr_rinaldo: "Rinaldo" #NT!
 mr_ruinell: "Ruinell" #NT!
 mr_ruosch: "Ruosch" #NT!
 mr_savin: "Savin" #NT!
 mr_sereno: "Sereno" #NT!
 mr_silvan: "Silvan" #NT!
 mr_steivan: "Steivan" #NT!
 mr_ursin: "Ursin" #NT!
 mr_tschander: "Tschander" #NT!
 mr_tumasch: "Tumasch" #NT!
 mr_vigeli: "Vigeli" #NT!
 mr_viturin: "Viturin" #NT!
 mr_zander: "Zander" #NT!
 #Female First Names 
 mr_aita: "Aita" #NT!
 mr_andrina: "Andrina" #NT!
 mr_annigna: "Annigna" #NT!
 mr_barlamina: "Barlamina" #NT!
 mr_blanka: "Blanka" #NT!
 mr_bigna: "Bigna" #NT!
 mr_chatrina: "Chatrina" #NT!
 mr_cilgia: "Cilgia" #NT!
 mr_dorela: "Dorela" #NT!
 mr_emerita: "Emerita" #NT!
 mr_gelgia: "Gelgia" #NT!
 mr_gianna: "Gianna" #NT!
 mr_giuanna: "Giuanna" #NT!
 mr_giulitta: "Giulitta" #NT!
 mr_inglina: "Inglina" #NT!
 mr_jelscha: "Jelscha" #NT!
 mr_jori: "Jori" #NT!
 mr_juli: "Juli" #NT!
 mr_ladina: "Ladina" #NT!
 mr_laraina: "Laraina" #NT!
 mr_lole: "Lole" #NT!
 mr_madlaina: "Madlaina" #NT!
 mr_mengia: "Mengia" #NT!
 mr_mierta: "Mierta" #NT!
 mr_nanina: "Nanina" #NT!
 mr_neisina: "Neisina" #NT!
 mr_nescha: "Nescha" #NT!
 mr_onna: "Onna" #NT!
 mr_paluongia: "Paluongia" #NT!
 mr_pirmina: "Pirmina" #NT!
 mr_seraina: "Seraina" #NT!
 mr_severine: "Severine" #NT!
 mr_ursina: "Ursina" #NT!
 mr_ursulina: "Ursulina" #NT!
 mr_varena: "Varena" #NT!
 #Noble Names 
 mr_genatsch: "Genatsch" #NT!
 mr_danz: "Danz" #NT!
 mr_donatz: "Donatz" #NT!
 mr_prevost: "Prevost" #NT!
 mr_saluz: "Saluz" #NT!
 mr_valar: "Valär" #NT!
 mr_von_porta: "von Porta" #NT!
 mr_von_somvig: "von Somvig" #NT!
 #Common Last Names 
 mr_barandur: "Barandur" #NT!
 mr_barbeisch: "Barbeisch" #NT!
 mr_barblan: "Barblan"
 mr_battalaua: "Battalaua" #NT!
 mr_bellvatsch: "Bellvatsch" #NT!
 mr_caderas: "Caderas" #NT!
 mr_caduff: "Caduff" #NT!
 mr_caflisch: "Caflisch" #NT!
 mr_caluoster: "Caluoster" #NT!
 mr_camenisch: "Camenisch" #NT!
 mr_cantieni: "Cantieni" #NT!
 mr_caramamma: "Caramamma" #NT!
 mr_casparis: "Casparis" #NT!
 mr_chandan: "Chandan" #NT!
 mr_condrau: "Condrau" #NT!
 mr_conrad: "Conrad" #NT!
 mr_davatz: "Davatz" #NT!
 mr_dedual: "Dedual" #NT!
 mr_digaun: "Digaun" #NT!
 mr_faver: "Faver" #NT!
 mr_fawonn: "Fawonn" #NT!
 mr_gambalonga: "Gambalonga" #NT!
 mr_gantenbein: "Gantenbein" #NT!
 mr_gorf: "Gorf" #NT!
 mr_grisenti: "Grisenti" #NT!
 mr_gujan: "Gujan" #NT!
 mr_huonder: "Huonder" #NT!
 mr_kuoni: "Kuoni" #NT!
 mr_liver: "Liver" #NT!
 mr_maissen: "Maissen" #NT!
 mr_margadant: "Margadant" #NT!
 mr_palolli: "Palölli" #NT!
 mr_parler: "Parler" #NT!
 mr_raschein: "Raschein" #NT!
 mr_saratz: "Saratz" #NT!
 mr_schucan: "Schucan" #NT!
 mr_stuorn: "Stuorn" #NT!
 mr_sudrell: "Sudrell" #NT!
 mr_tognola: "Tognola" #NT!
 mr_tondury: "Töndury" #NT!
 mr_tschavoll: "Tschavoll" #NT!
 mr_tschegn: "Tschegn" #NT!
 mr_vieli: "Vieli" #NT!
 mr_vincenz: "Vincenz" #NT!
  
### Russian ### 
 #First Names
 mr_dmitri: "Dmitri"
 mr_fjodor: "Fjodor"
 mr_igor: "Igor"
 mr_ilya: "Ilya"
 mr_leo: "Leo"
 mr_le_on: "Léon"
 mr_mikhail: "Mikhail"
 mr_modest: "Modest"
 mr_nikolai: "Nikolai"
 mr_sergei: "Sergei"
 mr_pyotr: "Pyotr"
 mr_vladimir_prokhorovich: "Vladimir Prokhorovich" #NT!
 #Last Names
 mr_bakst: "Bakst"
 mr_borodin: "Borodin"
 mr_bryullov: "Bryullov"
 mr_bulgakov: "Bulgakov"
 mr_dostojewski: "Dostoevsky"
 mr_amalitskii: "de Amalitskii" #NT!
 mr_glinka: "Glinka"
 mr_mendeleev: "Mendeleev"
 mr_mussorgsky: "Mussorgsky"
 mr_prokofiev: "Prokofiev"
 mr_psuhkin: "Pushkin"
 mr_rachmaninov: "Rachmaninov"
 mr_repin: "Repin"
 mr_rimsky: "Rimsky"
 mr_stravinsky: "Strawinsky"
 mr_tchaikovsky: "Tchaikovsky"
 mr_tolstoy: "Tolstoy"

### Spanish ### 
 #Male First Names
 mr_alfonso_daniel: "Alfonso Daniel"
 mr_aureliano: "Aureliano" #NT!
 mr_enrique: "Enrique"
 mr_jose_maria: "José María"
 mr_lucas: "Lucas" #NT!
 mr_miguel: "Miguel" #NT!
 mr_pablo: "Pablo"
 #Female First Names
 mr_rosalia: "Rosalía"
 #Last Names 
 mr_albeniz: "Albéniz"
 mr_avrial: "Avrial"
 mr_colmeiro: "Colmeiro" #NT!
 mr_de_castro: "de Castro"
 mr_de_falla: "de Falla"
 mr_fernandez_guerra: "Fernández-Guerra" #NT!
 mr_mallada: "Mallada" #NT!
 mr_picasso: "Picasso"
 mr_rodriguez_castelao: "Rodríguez Castelao"
  
### Swedish ### 
 #Swedish First Names 
 mr_august: "August"
 mr_gustaf: "Gustaf" #NT!
 mr_johan_august: "Johan August" #NT!
 mr_johan_gunnar: "Johan Gunnar" #NT!
 mr_ludvig: "Ludvig"
 mr_per_august: "Per August"
 #Female First Names
 mr_elfrida: "Elfrida"
 #Last Names 
 mr_alfven: "Alfvén"
 mr_andersson: "Andersson" #NT!
 mr_andree: "Andrée"
 mr_berwald: "Berwald"
 mr_lagerlof: "Lagerlöf"
 mr_nobel: "Nobel"
 mr_norman: "Norman"
 mr_olander: "Ölander"
 mr_peterson_berger: "Peterson-Berger"
 mr_strindberg: "Strindberg"
 mr_svanberg: "Svanberg" #NT!
 mr_wahlberg: "Wahlberg" #NT!
  
### Serb ### 
 #First Names 
 mr_nikola: "Nikola" #NT!
 #Last Names 
 mr_tesla: "Tesla" #NT!
  
###Ticinese### 
 #Male First Names 
 mr_adolfo: "Adolfo" #NT!
 mr_agostino: "Agostino" #NT!
 mr_andrea: "Andrea" #NT!
 mr_angelo: "Angelo" #NT!
 mr_angiolo: "Angiolo" #NT!
 mr_antonio: "Antonio" #NT!
 mr_arnaldo: "Arnaldo" #NT!
 mr_augusto: "Augusto"
 mr_bartolomeo: "Bartolomeo" #NT!
 mr_bernardino: "Bernardino" #NT!
 mr_carlo: "Carlo" #NT!
 mr_cesare: "Cesare" #NT!
 mr_eligio: "Eligio" #NT!
 mr_ferdinando: "Ferdinando" #NT!
 mr_francesco: "Francesco" #NT!
 mr_fulvio: "Fulvio" #NT!
 mr_giacomo: "Giacomo" #NT!
 mr_giorgio: "Giorgio" #NT!
 mr_leone: "Leone" #NT!
 mr_lodovico: "Lodovico" #NT!
 mr_luigi: "Luigi" #NT!
 mr_martino: "Martino" #NT!
 mr_pascale: "Pascale" #NT!
 mr_pietro: "Pietro" #NT!
 mr_pierino: "Pierino" #NT!
 mr_pio: "Pio" #NT!
 mr_plinio: "Plinio" #NT!
 mr_rocco: "Rocco" #NT!
 mr_simone: "Simone" #NT!
 mr_stanislao: "Stanislao" #NT!
 mr_taddeo: "Taddeo" #NT!
 mr_vespasiano: "Vespasiano" #NT!
 #Female First Names 
 mr_alfonsina: "Alfonsina" #NT!
 mr_alina: "Alina" #NT!
 mr_angelica: "Angelica" #NT!
 mr_carolina: "Carolina" #NT!
 mr_elena: "Elena" #NT!
 mr_eugenia: "Eugenia" #NT!
 mr_teresa: "Teresa" #NT!
 #Noble Last Names 
 mr_riva: "Riva" #NT!
 mr_sacchi: "Sacchi" #NT!
 mr_stoppani: "Stoppani" #NT!
 mr_torricelli: "Torricelli" #NT!
 mr_visetti: "Visetti" #NT!
 #Common Last Names 
 mr_amadio: "Amadio" #NT!
 mr_avanzini: "Avanzini" #NT!
 mr_baroffio: "Baroffio" #NT!
 mr_bernasconi: "Bernasconi" #NT!
 mr_bolla: "Bolla" #NT!
 mr_bruni: "Bruni" #NT!
 mr_camuzzi: "Camuzzi" #NT!
 mr_cantoni: "Cantoni" #NT!
 mr_cima: "Cima" #NT!
 mr_cometta: "Cometta" #NT!
 mr_ghiringhelli: "Ghiringhelli" #NT!
 mr_giacobbo: "Giacobbo" #NT!
 mr_giacometti: "Giacometti" #NT!
 mr_giovanoli: "Giovanoli" #NT!
 mr_giudici_della_gana: "Giudici della Gana" #NT!
 mr_laghi: "Laghi" #NT!
 mr_lavizzari: "Lavizzari" #NT!
 mr_mazio: "Mazio" #NT!
 mr_neuroni: "Neuroni" #NT!
 mr_origoni: "Origoni" #NT!
 mr_paleari: "Paleari" #NT!
 mr_paravincini: "Paravincini" #NT!
 mr_pedrini: "Pedrini" #NT!
 mr_pometta: "Pometta" #NT!
 mr_pozzi: "Pozzi" #NT!
 mr_quadri: "Quadri" #NT!
 mr_rossetti: "Rossetti" #NT!
 mr_sala: "Sala" #NT!
 mr_schira: "Schira" #NT!
 mr_scolar: "Scolar" #NT!
 mr_soldati: "Soldati" #NT!
 mr_soldini: "Soldini" #NT!
 mr_somazzi: "Somazzi" #NT!
 mr_taddei: "Taddei" #NT!
 mr_tatti: "Tatti" #NT!
 mr_varrone: "Varrone" #NT!
 mr_veladini: "Veladini" #NT!
  
### USA ### 
 #Male First Names 
 mr_aaron: "Aaron"
 mr_charles: "Charles" #NT!
 mr_edgar_allen: "Edgar Allen"
 mr_edward_drinker: "Edward Drinker" #NT!
 mr_edwin: "Edwin" #NT!
 mr_george: "George"
 mr_george_frederick: "George Frederick"
 mr_glenn: "Glenn" #NT!
 mr_henry: "Henry" #NT!
 mr_herman: "Herman"
 mr_john: "John" #NT!
 mr_john_philip: "John Philip"
 mr_john_thomas: "John Thomas"
 mr_lew: "Lew"
 mr_linus: "Linus" #NT!
 mr_louis_moreau: "Louis Moreau"
 mr_mason: "Mason"
 mr_mike: "Mike"
 mr_oliver_wendell: "Oliver Wendell"
 mr_ora_willis: "Ora Willis"
 mr_othniel_charles: "Othniel Charles" #NT!
 mr_richard_storrs: "Richard Storrs"
 mr_samuel: "Samuel" #NT!
 mr_samuel_foster: "Samuel Foster" #NT!
 mr_stephen_alfred: "Stephen Alfred"
 mr_thomas_alva: "Thomas Alva"
 mr_walt: "Walt"
 mr_william_cranch: "William Cranch" #NT!
 mr_william_henry: "William Henry"
 mr_william_wood: "William Wood"
 #Female First Names 
 mr_annie_jump: "Annie Jump" #NT!
 mr_frances_eliza: "Frances Eliza" #NT!
 mr_harriet_ann: "Harriet Ann" #NT!
 mr_henrietta_swan: "Henrietta Swan" #NT!
 #Last Names 
 mr_beecher_stowe: "Beecher Stowe"
 mr_bristow: "Bristow"
 mr_browning: "Browning"
 mr_babbitt: "Babbit" #NT!
 mr_bond: "Bond" #NT!
 mr_boyd: "Boyd" #NT!
 mr_cannon: "Cannon" #NT!
 mr_chrysler: "Chrysler" #NT!
 mr_colt: "Colt" #NT!
 mr_cope: "Cope" #NT!
 mr_copland: "Copland"
 mr_curtiss: "Curtiss" #NT!
 mr_deere: "Deere" #NT!
 mr_edison: "Edison"
 mr_forbes: "Forbes"
 mr_fry: "Fry"
 mr_gerhard: "Gerhard"
 mr_gershwin: "Gershwin"
 mr_gottschalk: "Gottschalk"
 mr_gulick: "Gulick"
 mr_haven: "Haven" #NT!
 mr_holmes: "Holmes"
 mr_hubble: "Hubble" #NT!
 mr_jones_sr: "Jones Sr." #NT!
 mr_knight: "Knight"
 mr_kundal_kowak: "Kundal-Kowak"
 mr_leavitt: "Leavitt" #NT!
 mr_lincoln: "Lincoln" #NT!
 mr_lindbergh: "Lindbergh" #NT!
 mr_lowell: "Lowell"
 mr_marsh: "Marsh" #NT!
 mr_melville: "Melville"
 mr_mitchell: "Mitchell" #NT!
 mr_morse: "Morse" #NT!
 mr_muir: "Muir" #NT!
 mr_poe: "Poe"
 mr_sousa: "Sousa"
 mr_whitman: "Whitman"
 mr_willis: "Willis"
 mr_wise: "Wise" #NT!
 mr_yale: "Yale" #NT!
  
### Platinean ### 
 #First Names 
 mr_carlos: "Carlos" #NT!
 mr_eduardo: "Eduardo" #NT!
 #Last Names 
 mr_holmberg: "Holmberg" #NT!
  
### Scottish ###
 #First Names
 mr_robert_louis: "Robert Louis"
 #Last Names 
 mr_anderson: "Anderson" #NT!
 mr_finlay: "Finlay"
 mr_lamont: "Lamont" #NT!
 mr_stevenson: "Stevenson"
  
### Wallonian ### 
 #Male First Names
 mr_henri_alexis: "Henri Alexis" #NT!
 mr_laurent_guillaume: "Laurent Guillaume" #NT!
 mr_zenobe: "Zénobe" #NT!
 #Female Firsr Names 
 mr_marietta: "Mariette" #NT!
 #Last Names 
 mr_brialmont: "Brialmont" #NT!
 mr_de_koninck: "de Koninck" #NT!
 mr_empain: "Empain" #NT!
 mr_gramme: "Gramme" #NT!
 mr_hannon: "Hannon" #NT!
 mr_niesten: "Niesten" #NT!
 mr_payen: "Payen" #NT!
 mr_quetelet: "Quetelet" #NT!
 mr_rousseau: "Rousseau" #NT!
 mr_siret: "Siret" #NT!
 mr_vieuxtemps: "Vieuxtemps"

### Venezuelan ###
 #Male First Name
 mr_jose_angel: "José Ángel"
 mr_reynaldo: "Reynaldo"
 #Female First Name
 mr_maria_luisa: "María Luisa"
 #Last Names
 mr_carreno: "Carreño"
 mr_escobar: "Escobar"
 mr_montero: "Montero"

### Vietnamese ### 
 #First Names
 mr_dinh_chieu: "Đình Chiểu" #NT!
 mr_thi_ba_huyen_thanh_quan: "Thị \"Bà Huyện Thanh Quan\""
 #Last Names 
 mr_nguyen: "Nguyễn" #NT!

### Yue ### 
 #First Names 
 mr_tianyou: "Tianyou" #NT!
 mr_ru: "Ru" #NT!
 #Last Names 
 mr_feng: "Feng" #NT!
 mr_zhan: "Zhan" #NT!
